;;;;;;;ERRORES;COMPARE V01 (03-04);COMPARE V02 (09-04);COMPARE V03 (12-04)
1;La   ;;ART;ART;2;det;se separado;2;2;2
2;policía;;N;N;3;nsubj;subordinada;3;3;3
3;descubre;;V;V;0;ROOT;;0;0;0
4;un;;ART;ART;6;det;;6;6;6
5;gran;;ADJ;ADJ;6;amod;;6;6;6
6;arsenal;;N;N;3;dobj;;3;3;3
7;de ;;PREP;PREP;8;case;;8;8;8
8;ETA;;N;N;6;nmod;;6;6;6
9;en;;PREP;PREP;10;case;;10;10;10
10;Francia;;N;N;3;nmod;;3;3;3
11;tras;;PREP;PREP;12;case;;12;12;12
12;producir ;;V;V;3;advcl;;3;3;3
13;se ;;P;P;12;mark;;;;
14;un;;ART;ART;15;det;;14;14;14
15;incendio;;N;N;12;dobj;;12;12;12
16;en;;PREP;PREP;18;case;;17;17;17
17;un ;;ART;ART;18;det;;17;17;17
18;chalé;;N;N;12;nmod;;12;12;12
19;.;;PUNCT;PUNCT;3;punct;;3;3;3
;;;;;;;;;;
1;El  ;;ART;ART;2;det;;2;;
2;presidente;;N;N;12;nsubj;;12;;
3;de ;;PREP;PREP;4;case;;4;;
4;Colombia;;N;N;2;nmod;;2;;
5;y;;C;C;7;c;;2;;
6;el;;ART;ART;7;det;;7;;
7;jefe;;N;N;2;conj;;2;;
8;de ;;PREP;PREP;10;case;;10;;
9;las;;ART;ART;10;det;;10;;
10;FARC;;N;N;7;nmod;;7;;
11;se;;P;P;12;dobj;;12;;
12;reúnen;;V;V;0;ROOT;;0;;
13;en;;PREP;PREP;15;case;;15;;
14;la;;ART;ART;15;det;;15;;
15;selva;;N;N;12;nmod/ obl;;12;;
16;y ;;C;C;17;c;;12;;
17;activan;;V;V;12;conj;;12;;
18;el ;;ART;ART;19;det;;19;;
19;proceso;;N;N;17;dobj;;17;;
20;de ;;PREP;PREP;21;case;;21;;
21;paz;;N;N;19;nmod;;19;;
22;.;;PUNCT;PUNCT;12;punct;;12;;
;;;;;;;;;;
1;La  ;;ART;ART;2;det;;2;;
2;viuda;;N;N;5;nsubj;;5;;
3;de ;;PREP;PREP;4;case;;4;;
4;Arias;;NPR;NPR;2;nmod;;2;;
5;gana;;V;V;0;ROOT;;0;;
6;las;;ART;ART;7;det;;7;;
7;elecciones;;N;N;5;dobj;;5;;
8;a;;PREP;PREP;10;case;;10;;
9;el;;ART;ART;10;det;;10;;
10;hijo;;N;N;5;iobj;;5;;
12;de ;;PREP;PREP;13;case;;12;;
13;Torrijos;;NPR;NPR;10;nmod;;10;;
14;en ;;PREP;PREP;15;case;;14;;
15;Panamá;;NPR;NPR;5;nmod;;5;;
16;.;;PUNCT;PUNCT;5;punct;;5;;
;;;;;;;;;;
1;Europa;;NPR;NPR;3;nsubj;subordinada;3;3;
2;se;;P;P;3;mark;;3;3;
3;hizo;;V;V;0;ROOT;;0;0;
4;peregrinando;;V;V;3;advcl;;3;3;
5;a;;PREP;PREP;6;case;;6;6;
6;Compostela;;N;N;4;nmod;;4;4;
7;.;;;;3;punct;;3;3;
;;;;;;;;;;
1;Las  ;;ART;ART;2;det;;2;;
2;palabras;;N;N;6;nsubj;;6;;
3;de ;;PREP;PREP;4;case;;4;;
4;Goethe;;NPR;NPR;2;nmod;;2;;
5;se;;P;P;6;mark;;6;;
6;convierten;;V;V;0;ROOT;;0;;
7;en;;PREP;PREP;8;case;;8;;
8;realidad;;N;N;6;nmod;;6;;
9;en;;PREP;PREP;12;case;;12;;
10;este;;DET;DET;12;det;;12;;
11;último;;ADJ;ADJ;12;amod;;12;;
12;jacobeo;;N;N;6;nmod;;6;;
13;del;;PREP;PREP;14;case;;15;;
14;milenio;;N;N;12;nmod;;15;;
15;.;;PUNCT;PUNCT;6;punct;;12;;
;;;;;;;;6;;
1;A ;;PREP;PREP;3;case;falla el punct;3;3;
2;las;;ART;ART;3;det;;3;3;
3;puertas;;N;N;15;ROOT;;15;15;
4;de ;;PREP;PREP;6;case;;6;6;
5;el;;ART;ART;6;det;;6;6;
6;año;;N;N;3;nmod;;3;3;
7;2000;;N;N;6;appos;;6;6;
8;;;PUNCT;PUNCT;15;punct;;3;3;
9;cientos;;N;N;15;nsubj;;15;15;
10;de;;PREP;PREP;11;case;;11;11;
11;miles;;N;N;9;nmod;;9;9;
12;de;;PREP;PREP;13;case;;13;13;
13;peregrinos;;N;N;11;nmod;;11;11;
14;se ;;P;P;15;mark;;15;15;
15;disponen;;V;V;0;ROOT;;0;0;
16;a  ;;PREP;PREP;17;case;;17;17;
17;vivir;;V;V;15;xcomp;;15;15;
18;el  ;;ART;ART;19;det;;19;19;
19;Camino_de_Santiago;;NPR;NPR;17;dobj;;17;17;
20;.;;PUNCT;PUNCT;15;punct;;15;15;
;;;;;;;;;;
1;Una  ;;Q;Q;2;det;;2;;
2;nave;;N;N;4;nsubj;;4;;
3;interestelar;;ADJ;ADJ;2;amod;;2;;
4;surca;;V;V;0;ROOT;;0;;
5;el;;ART;ART;6;det;;6;;
6;cosmos;;N;N;4;dobj;;4;;
7;.;;PUNCT;PUNCT;4;punct;;4;;
;;;;;;;;;;
1;Taylor;;NPR;NPR;0;ROOT;;;;
;;;;;;;;;;
1;El  ;;ART;ART;2;det;;2;;
2;resto;;N;N;0;ROOT;;13;;
3;de ;;PREP;PREP;5;case;;5;;
4;la;;ART;ART;5;det;;5;;
5;tripulación;;N;N;2;nmod;;2;;
6;;;PUNCT;PUNCT;13;punct;;2;;
7;dos;;Q;Q;8;det;;8;;
8;hombres;;N;N;2;appos;;2;;
9;y;;C;C;11;c;;8;;
10;una;;Q;Q;11;det;;11;;
11;mujer;;N;N;8;conj;;8;;
12;;;PUNCT;PUNCT;13;punct;;2;;
13;hiberna;;V;V;0;ROOT;;0;;
14;en;;PREP;PREP;15;case;;15;;
15;tanques;;N;N;13;nmod;;13;;
16;criogénicos;;ADJ;ADJ;15;amod;;15;;
17;.;;PUNCT;PUNCT;13;punct;;13;;
;;;;;;;;;;
1;El  ;;ART;ART;2;det;;2;;
2;silencio;;N;N;4;nsubj;;3;;
3;es;;V;V;4;cop;;0;;
4;absoluto;;ADJ;ADJ;0;ROOT;;3;;
5;.;;PUNCT;PUNCT;4;punct;;3;;
;;;;;;;;;;
1;Así;;ADV;ADV;2;advmod;;;;
2;comienza;;V;V;0;ROOT;;;;
3;uno;;P ;P;2;nsubj;;;;
4;de ;;PREP;PREP;6;case;;;;
5;los;;ART;ART;6;det;;;;
6;filmes;;N;N;3;nmod;;;;
7;más;;ADV;ADV;8;advmod;;;;
8;emblemáticos;;ADJ;ADJ;6;amod;;;;
9;de ;;PREP;PREP;11;case;;;;
10;la;;ART;ART;11;det;;;;
11;ciencia-ficción;;N;N;8;nmod;;;;
15;:;;PUNCT;PUNCT;2;punct;;;;
16;El_planeta_de_los_simios;;NPR;NPR;3;appos;;;;
17;(;;PUNCT;PUNCT;2;punct;;;;
18;1968;;DATE;DATE;16;appos;;;;
19;);;PUNCT;PUNCT;2;punct;;;;
20;.;;PUNCT;PUNCT;2;punct;;;;
;;;;;;;;;;
1;Los  ;;ART;ART;2;det;;2;;
2;planos;;N;N;11;nsubj;;11;;
3;iniciales;;ADJ;ADJ;2;amod;;2;;
4;de ;;PREP;PREP;5;case;;5;;
5;Taylor;;N;N;2;nmod;;2;;
6;y;;CONJ;CONJ;8;c;;5;;
7;la;;ART;ART;8;det;;8;;
8;nave;;N;N;2;conj;;5;;
9;espacial;;ADJ;ADJ;8;amod;;8;;
10;se ;;P;P;11;mark;;11;;
11;centran;;V;V;0;ROOT;;0;;
12;en;;PREP;PREP;14;case;;14;;
13;el;;ART;ART;14;det;;14;;
14;cuadro;;N;N;11;nmod;;11;;
15;de ;;PREP;PREP;16;case;;16;;
16;mandos;;N;N;14;nmod;;14;;
17;.;;PUNCT;PUNCT;11;punct;;11;;
;;;;;;;;;;
1;Allí;;ADV;ADV;5;advmod;;5;;
2;;;PUNCT;PUNCT;5;punct;;5;;
3;dos;;Q;Q;4;det;;4;;
4;relojes;;N;N;5;nsubj;;5;;
5;registran;;V;V;0;ROOT;;0;;
6;la;;ART;ART;7;det;;7;;
7;fecha;;N;N;5;dobj;;5;;
8;actual;;ADJ;ADJ;7;amod;;7;;
9;;;PUNCT;PUNCT;5;punct;;7;;
10;en;;PREP;PREP;12;case;;12;;
11;la;;ART;ART;12;det;;12;;
12;nave;;N;N;5;nmod;;7;;
13;y;;C;C;16;c;;12;;
14;en;;PREP;PREP;16;case;;16;;
15;la;;ART;ART;16;det;;16;;
16;Tierra;;NPR;NPR;12;nmod;;12;;
17;.;;PUNCT;PUNCT;5;punct;;5;;
;;;;;;;;;;
1;Tras ;;PREP;PREP;3;case;;3;;
2;seis;;DET;DET;3;det;;3;;
3;meses;;N;N;12;nmod;;12;;
4;de ;;PREP;PREP;5;case;;5;;
5;viaje;;N;N;3;nmod;;3;;
6;;;PUNCT;PUNCT;12;punct;;3;;
7;la;;ART;ART;8;det;;8;;
8;fecha;;N;N;12;nsubj;;12;;
9;en;;PREP;PREP;11;case;;11;;
10;la;;ART;ART;11;det;;11;;
11;nave;;N;N;8;nmod;;8;;
12;corresponde;;V;V;0;ROOT;;0;;
13;a  ;;PREP;PREP;15;case;;15;;
14;el  ;;ART;ART;15;det;;15;;
15;14_de_julio_de_1972;;DATE;DATE;12;advmod;;12;;
16;.;;PUNCT;PUNCT;12;punct;;12;;
;;;;;;;;;;
1;El  ;;ART;ART;2;det;;2;;
2;calendario;;N;N;6;nsubj;;6;;
3;de ;;PREP;PREP;5;case;;5;;
4;la ;;ART;ART;5;det;;5;;
5;Tierra;;N;N;2;nmod;;2;;
6;señala;;V;V;0;ROOT;;0;;
7;el ;;ART;ART;8;det;;8;;
8;23_de_marzo;;DATE;DATE;6;dobj;;6;;
9;.;;PUNCT;PUNCT;6;punct;;6;;
;;;;;;;;;;
1;La  ;;ART;ART;2;det;;;;
2;Tierra;;N;N;4;nsubj;;;;
3;ha;;V;V;4;aux;;;;
4;envejecido;;V;V;0;ROOT;;;;
5;algo_más_de;;PREP;PREP;7;case;;;;
6;700;;Q;Q;7;det;;;;
7;años;;N;N;4;nmod;;;;
8;…;;PUNCT;PUNCT;4;punct;;;;
;;;;;;;;;;
1;Lo ;;P;P;2;det;subordinada;5;5;
2;peor;;ADJ;ADJ;8;nsubj;verbo ser;5;5;
3;de;;PREP;PREP;5;case;duda sujeto P o NP;5;5;
4;los   ;;ART;ART;5;det;;5;5;
5;sueños;;N;N;2;nmod;;6;6;
6;es;;V;V;9;cop;;0;0;
7;que;;C;C;9;c;;9;9;
8;pueden  ;;V;V;9;aux;;9;9;
9;cumplir   ;;V;V;0;ROOT;;6;6;
10;se ;;P;P;9;mark;;;;
11;.;;PUNCT;PUNCT;8;punct;;6;6;
;;;;;;;;;;
;;;;;;;;;;
1;Desde  ;;PREP;PREP;2;case;subordinada;;3;
2;hace;;V;V;14;advcl;copulativa;;;
3;mil_doscientos;;Q;Q;4;det;;;3;
4;años;;N;N;2;nmod;;;13;
5;;;PUNCT;PUNCT;14;punct;;;3;
6;hombres;;N;N;14;ndubj;;;13;
7;y;;C;C;8;c;;;5;
8;mujeres;;N;N;6;conj;;;5;
9;de;;PREP;PREP;12;case;;;11;
10;todo;;Q;Q;12;det;;;11;
11;el;;ART;ART;12;det;;;11;
12;mundo;;N;N;6;nmod;;;5;
13;han;;AUX;AUX;14;aux;;;13;
14;caminado;;V;V;0;ROOT;;;0;
15;hasta;;PREP;PREP;16;case;;;15;
16;Compostela;;NPR;NPR;14;nmod;;;13;
17;para;;PREP;PREP;18;case;;;17;
18;orar;;V;V;14;advcl;;;13;
19;ante;;PREP;PREP;21;case;;;20;
20;la;;ART;ART;21;det;;;20;
21;tumba;;N;N;18;nmod;;;17;
22;de ;;PREP;PREP;24;case;;;23;
23;el  ;;ART;ART;24;det;;;23;
24;apóstol;;N;N;21;nmod;;;20;
25;Santiago;;NPR;NPR;24;appos;;;23;
26;.;;PUNCT;PUNCT;14;punct;;;13;
;;;;;;;;;;
1;Mil ;;Q;Q;2;det;subordinada;2;2;
2;años;;N;N;4;nsubj;ser;3;3;
3;son;;V;V;4;cop;;0;0;
4;muchos;;ADJ;ADJ;0;ROOT;;3;3;
5;;;PUNCT;PUNCT;4;punct;;3;3;
6;demasiados;;P;P;4;appos;;3;3;
7;;;PUNCT;PUNCT;4;punct;;3;3;
8;para ;;PREP;PREP;9;case;;11;11;
9;que ;;C;C;13;c;;11;11;
10;una;;ART;ART;12;det;;11;11;
11;simple;;ADJ;ADJ;12;amod;;3;3;
12;leyenda;;N;N;13;nsubj;;11;11;
13;perviva;;V;V;4;advcl;;15;15;
14;en;;PREP;PREP;16;case;;15;15;
15;la;;ART;ART;16;det;;12;12;
16;memoria;;N;N;13;nmod;;3;3;
17;.;;PUNCT;PUNCT;4;punct;;;;
;;;;;;;;;;
1;Existen;;V;V;0;ROOT;;0;;20
2;tantos;;Q;Q;3;det ;;3;;
3;caminos;;N;N;1;nsubj;;1;;
4;como;;C;C;5;c;;5;;
5;caminantes;;N;N;3;conj;;3;;
6;.;;PUNCT;PUNCT;1;punct;;1;;
;;;;;;;;;;
1;En_realidad;;ADV;ADV;13;discourse mark;subordinada;5;13;
2;;;PUNCT;PUNCT;13;punct;revisar;5;13;
3;las;;ART;ART;4;det;;4;4;
4;vías;;N;N;13;nsubj;;5;13;
5;utilizadas;;V;V;4;acl;;0;4;
6;por;;PREP;PREP;9;case;;9;9;
7;los;;ART;ART;9;det;;9;9;
8;antiguos;;ADJ;ADJ;9;amod;;9;9;
9;peregrinos;;N;N;5;nmod;;5;5;
10;para;;PREP;PREP;11;case;;11;11;
11;alcanzar;;V;V;5;advcl;;5;5;
12;Santiago;;NPR;NPR;11;dobj;;11;11;
13;hollaron;;V;V;0;ROOT;;5;0;
14;todos;;Q;Q;16;det;;16;16;
15;los;;ART;ART;16;det;;16;16;
16;rincones;;N;N;13;dobj;;13;13;
17;de;;PREP;PREP;19;case;;19;19;
18;la;;ART;ART;19;det;;19;19;
19;península;;N;N;13;nmod;;16;16;
20;.;;PUNCT;PUNCT;13;punct;;5;13;
;;;;;;;;;;
1;Pero ;;C;C;2;discourse marker;;3;;
2;una;;P ;P;3;nsubj;;3;;
3;destacó;;V;V;0;ROOT;;0;;
4;por;;PREP;PREP;6;case;;6;;
5;su;;DET;DET;6;poss;;6;;
6;importancia;;N;N;3;nmod;;3;;
7;histórica;;ADJ;ADJ;6;amod;;6;;
8;y;;CON;CON;9;c;;6;;
9;estratégica;;ADJ;ADJ;7;conj;;6;;
10;.;;PUNCT;PUNT;3;punct;;3;;
;;;;;;;;;;
1;El  ;;ART;ART;2;det ;;2;;
2;camino_francés;;N;N;3;nsubj;;4;;
3;puede ;;V;V;4;aux;;4;;
4;hacer ;;V;V;0;ROOT;;0;;
5;se ;;P;P;4;mark;;8;;
6;durante;;PREP;PREP;9;case;;8;;
7;todo;;Q;Q;9;det ;;8;;
8;el;;ART;ART;9;det ;;4;;
9;año;;N;N;4;nmod;;4;;
10;.;;PUNCT;PUNCT;4;punct;;;;
;;;;;;;;;;
1;La  ;;ART;ART;2;det ;;2;;
2;red;;N;N;11;nsubj;;7;;
3;de ;;PREP;PREP;4;case;;4;;
4;albergues;;N;N;2;nmod;;2;;
5;para;;PREP;PREP;6;case;;6;;
6;peregrinos;;N;N;4;nmod;;4;;
7;es;;V;V;11;cop;;0;;
8;la;;ART;ART;11;det ;;11;;
9;más;;ADV;ADV;10;advmod;;11;;
10;genuina;;ADJ;ADJ;11;amod;;11;;
11;representación;;N;N;0;ROOT;;7;;
12;de ;;PREP;PREP;14;case;;14;;
13;la;;ART;ART;14;det ;;14;;
14;tradición;;N;N;11;nmod;;11;;
15;hospitalaria;;ADJ;ADJ;14;amod;;14;;
16;jacobea;;ADJ;ADJ;14;amod;;14;;
17;.;;PUNCT;PUNCT;11;punct;;7;;
;;;;;;;;;;
1;Es  ;;V;V;2;cop;subordinada;;0;
2;imprescindible;;ADJ;ADJ;0;ROOT;ser;;4;
3;para;;PREP;PREP;4;case;;;4;
4;pernoctar;;V;V;2;advcl;;;1;
5;en;;PREP;PREP;7;case;;;7;
6;los;;ART;ART;7;det;;;7;
7;refugios;;N;N;4;nmod;;;4;
8;.;;PUNCT;PUNCT;2;punct;;;1;
;;;;;;;;;;
1;Los        ;;ART;ART;2;det;subordinada;;2;
;la;;;;;;;;4;
2;hospitaleros;;N;N;3;nsubj;;;4;
3;sellan;;V;V;0;ROOT;;;0;
4;para;;PREP;PREP;5;case;;;6;
5;autentificar;;V;V;3;advcl;;;4;
6;el;;ART;ART;7;det;;;8;
7;paso;;N;N;5;dobj;;;6;
8;por;;PREP;PREP;10;case;;;11;
9;la;;ART;ART;10;det / Q NUM;;;11;
10;Ruta_Jacobea;;NPR;NPR;7;nmod;;;8;
11;.;;PUNCT;PUNCT;3;punct;;;4;
;;;;;;;;;;
1;El  ;;ART;ART;2;det;copulativa;2;;
2;camino_francés;;NPR;NPR;4;nsubj;verbo estar;3;;
3;está;;V;V;4;cop;;0;;
4;lleno;;ADJ;ADJ;0;ROOT;;3;;
5;de ;;PREP;PREP;6;case;;6;;
6;leyendas;;N;N;4;nmod;;4;;
7;y;;C;C;8;c;;6;;
8;anécdotas;;N;N;6;conj;;6;;
9;famosas;;ADJ;ADJ;8;amod;;6;;
10;.;;PUNCT;PUNCT;4;punct;;3;;
;;;;;;;;;;
1;Entre   ;;PREP;PREP;3;case;Flata pensar esta;4;;
2;las;;ART;ART;3;det;;4;;
3;primeras;;N;N;4;nmod;;4;;
4;destaca;;V;V;0;ROOT;;0;;
5;la;;P ;P;4;nsubj;;7;;
6;de ;;PREP;PREP;7;case;;7;;
7;Santo_Domingo_de_la_Calzada;;NPR;NPR;5;nmod;;4;;
8;.;;PUNCT;PUNCT;4;punct;;4;;
;;;;;;;;;;
1;Serbia;;NPR;NPR;2;nsubj;;2;;
2;denuncia;;V;V;0;ROOT;;0;;
3;una;;Q;Q;4;det;;4;;
4;matanza;;N;N;2;dobj;;2;;
5;de ;;PREP;PREP;7;case;;7;;
6;20;;Q;Q;7;det;;7;;
7;civiles;;N;N;4;nmod;;4;;
8;en ;;PREP;PREP;10;case;;10;;
9;un;;Q;Q;10;det;;10;;
10;autobús;;N;N;4;nmod;;4;;
11;.;;PUNCT;PUNCT;2;punct;;2;;
;;;;;;;;;;
1;Moscoso;;NPR;NPR;2;nsubj;subordinada;2;2;
2;gana;;V;V;0;ROOT;;0;0;
3;las;;ART;ART;4;det;;4;4;
4;elecciones;;N;N;2;dobj;;2;2;
5;que;;P;P;6;nsubj;;6;6;
6;consolidan;;V;V;4;acl:rel;;4;4;
7;la;;ART;ART;8;det;;8;8;
8;democracia;;N;N;6;dobj;;6;6;
9;panameña;;ADJ;ADJ;8;amod;;8;8;
10;ante;;PREP;PREP;12;case;;12;12;
11;la;;ART;ART;12;det;;12;12;
12;devolución;;N;N;6;nmod;;6;6;
13;de;;PREP;PREP;15;case;;15;15;
14;el;;ART;ART;15;det;;15;15;
15;canal;;N;N;12;nmod;;12;12;
16;.;;PUNCT;PUNCT;2;punct;;2;2;
;;;;;;;;;;
1;Detenido   ;;ADJ;ADJ;0;ROOT;;0;;
2;el;;ART;ART;3;det;;3;;
3;prefecto;;N;N;1;nsubj;;1;;
4;de ;;PREP;PREP;5;case;;5;;
5;Córcega;;NPR;NPR;3;nmod;;3;;
6;por;;PREP;PREP;9;case;;9;;
7;su;;POSS;POSS;9;det;;9;;
8;supuesta;;ADJ;ADJ;9;amod;;9;;
9;relación;;N;N;1;nmod;;1;;
10;con;;PREP;PREP;12;case;;13;;
11;la;;ART;ART;12;det;;13;;
12;guerra_sucia;;N;N;9;nmod;;13;;
13;.;;PUNCT;PUNCT;1;punct;;9;;
;;;;;;;;13;;
;;;;;;;;1;;
;;;;;;;;;;
1;Pastrana;;NPR;NPR;4;nsubj;copulativa;4;4;
2;y;;C;C;3;c;subordinada;1;1;
3;Tirofijo;;NPR;NPR;1;conj;no puedo arreglar subordinas;1;1;
4;pactan;;V;V;0;ROOT;;0;0;
5;que;;C;C;8;c;;7;7;
6;el;;ART;ART;7;det;;7;7;
7;jueves;;N;N;8;nmod;;4;4;
8;comience;;V;V;4;ccomp;;7;7;
9;el;;ART;ART;10;det;;10;10;
10;proceso;;N;N;8;dobj;;7;7;
11;de ;;PREP;PREP;12;case;;12;12;
12;paz;;N;N;10;nmod;;10;10;
13;.;;PUNCT;PUNCT;4;punct;;4;4;
;;;;;;;;;;
1;El  ;;ART;ART;2;det;;2;;
2;uso;;N;N;7;nsubj;;7;;
3;de;;PREP;PREP;5;case;;5;;
4;el;;ART;ART;5;det;;5;;
5;velo;;N;N;2;nmod;;2;;
6;islámico;;ADJ;ADJ;5;amod;;5;;
7;crea;;V;V;0;ROOT;;0;;
8;las;;ART;ART;10;det;;10;;
9;primeras;;Q;Q;10;num;;10;;
10;crisis;;N;N;7;dobj;;7;;
11;en;;PREP;PREP;14;case;;14;;
12;el;;ART;ART;14;det;;14;;
13;nuevo;;ADJ;ADJ;14;amod;;14;;
14;parlamento;;N;N;10;nmod;;10;;
15;turco;;ADJ;ADJ;14;amod;;14;;
16;.;;PUNCT;PUNCT;7;punct;;7;;
;;;;;;;;;;
1;El    ;;ART;ART;2;det;;2;2;
2;ejército;;N;N;4;nsubj;;4;4;
3;mejicano;;ADJ;ADJ;2;amod;;2;2;
4;ordena;;V;V;0;ROOT;;0;0;
5;que;;C;C;7;c;;7;7;
6;se ;;P ;P;7;mark;;7;7;
7;oculten;;V;V;4;ccomp;;4;4;
8;datos;;N;N;7;dobj;;7;7;
9;a;;PREP;PREP;11;case;;11;11;
10;las;;ART;ART;11;det;;11;11;
11;autoridades;;N;N;7;iobj;;7;7;
12;.;;PUNCT;PUNCT;4;punct;;4;4;
;;;;;;;;;;
1;La   ;;ART;ART;2;det;;2;;
2;selección_sub_16;;N;N;4;nsubj;;4;;
3;se;;P;P;4;mark;;4;;
4;enfrenta;;V;V;0;ROOT;;0;;
5;hoy;;ADV;ADV;4;advmod;;4;;
6;a   ;;PREP;PREP;7;case;;7;;
7;Alemania   ;;NPR;NPR;4;nmod;;4;;
8;en  ;;PREP;PREP;9;case;;9;;
9;busca;;N;N;4;nmod;;4;;
10;de  ;;PREP;PREP;12;case;;12;;
11;la     ;;ART;ART;12;det;;12;;
12;final;;N;N;9;nmod;;9;;
13;de  ;;PREP;PREP;15;case;;15;;
14;el                 ;;ART;ART;15;det;;15;;
15;europeo;;ADJ;ADJ;12;amod;;12;;
16;.;;PUNCT;PUNCT;4;punct;;4;;
;;;;;;;;;;
1;Los        ;;ART;ART;2;det;;2;;
2;campeones;;N;N;6;nsubj;;6;;
3;de;;PREP;PREP;5;case;;5;;
4;el;;ART;ART;5;det;;5;;
5;mundo;;N;N;2;nmod;;2;;
6;visitan;;V;V;0;ROOT;;0;;
7;La_Moncloa;;NPR;NPR;6;dobj;;6;;
8;.;;PUNCT;PUNCT;6;punct;;6;;
;;;;;;;;;;
;;;;;;;;;;
1;El    ;;ART;ART;2;det;;2;;
2;Real_Madrid;;NPR;NPR;3;nsubj;;3;;
3;comunica;;V;V;0;ROOT;;0;;
4;a;;PREP;PREP;6;case;;6;;
5;el;;ART;ART;6;det;;6;;
6;Valencia;;NPR;NPR;3;iobj;;3;;
7;su;;POSS;POSS;8;det;;8;;
8;interés;;N;N;3;dobj;;3;;
9;por;;PREP;PREP;10;case;;10;;
10;Mendieta;;NPR;NPR;8;nmod;;8;;
11;.;;PUNCT;PUNCT;3;punct;;3;;
;;;;;;;;;;
1;El  ;;ART;ART;2;det;;2;;
2;central;;N;N;6;nsubj;;6;;
3;más;;ADV;ADV;4;advmod;;2;;
4;deseado;;ADJ;ADJ;2;amod;;2;;
5;ha;;AUX;AUX;6;aux;;6;;
6;perdido;;V;V;0;ROOT;;0;;
7;en ;;PREP;PREP;8;case;;8;;
8;Bilbao;;NPR;NPR;6;nmod;;6;;
9;el;;ART;ART;10;det;;10;;
10;pedigrí;;N;N;6;dobj;;6;;
11;de;;PREP;PREP;13;case;;13;;
12;el;;ART;ART;13;det;;13;;
13;Betis;;NPR;NPR;10;nmod;;10;;
14;.;;PUNCT;PUNCT;6;punct;;6;;
;;;;;;;;;;
1;La;;ART;ART;3;det;;3;3;
2;nueva;;ADJ;ADJ;3;amod;;3;3;
3;comisión;;N;N;9;nsubj;;9;9;
4;de;;PREP;PREP;5;case;;5;5;
5;ética;;N;N;3;nmod;;3;3;
6;de;;PREP;PREP;8;case;;8;8;
7;el;;ART;ART;8;det;;8;8;
8;COI;;NPR;NPR;3;nmod;;5;5;
9;comienza;;V;V;0;ROOT;;0;0;
10;a;;PREP;PREP;11;case;;11;11;
11;estudiar;;V;V;9;xcom;;9;9;
12;casos;;N;N;11;dobj;;11;11;
13;de;;PREP;PREP;14;case;;14;14;
14;corrupción;;N;N;12;nmod;;12;12;
15;.;;PUNCT;PUNCT;9;punct;;9;9;
;;;;;;;;;;
1;La;;ART;ART;3;det;;3;;
2;buena;;ADJ;ADJ;3;amod;;3;;
3;salud;;N;N;9;nsubj;;9;;
4;de;;PREP;PREP;6;case;;6;;
5;la;;ART;ART;6;det;;6;;
6;economía;;N;N;3;nmod;;3;;
7;de;;PREP;PREP;8;case;;8;;
8;EEUU;;NPR;NPR;6;nmod;;6;;
9;mantiene;;V;V;0;ROOT;;0;;
10;a;;PREP;PREP;12;prep;;12;;
11;el;;ART;ART;12;det;;12;;
12;alza;;N;N;9;nmod;;9;;
13;la;;ART;ART;14;det;;14;;
14;Bolsa;;NPR;NPR;9;dobj;;9;;
15;de;;PREP;PREP;16;case;;16;;
16;Nueva_York;;NPR;NPR;14;nmod;;14;;
17;.;;PUNCT;PUNCT;9;punct;;9;;
;;;;;;;;;;
1;Gobierno;;NPR;NPR;6;nsubj;copulativa;6;6;6
2;;;PUNCT;PUNCT;6;punct;tratan de demostrar separado;1;1;1
3;patronal;;N;N;1;appos;;1;1;1
4;y;;C;C;5;c;;1;1;1
5;cámaras;;N;N;3;conj;;1;1;6
6;tratan_de_demostrar;;V;V;0;ROOT;;0;0;0
;*de;;;;;;;;;6
;*demostrar;;;;;;;;;6
7;que;;C;C;10;c;;8;8;12
8;Chile;;NPR;NPR;10;nsubj;;6;6;12
9;no;;ADV;ADV;10;neg;;10;10;12
10;castiga;;V;V;6;dobj;;8;8;8
11;a ;;PREP;PREP;13;case;;10;10;15
12;las ;;ART;ART;13;det;;10;10;15
13;empresas;;N;N;10;dobj;;15;;12
14;españolas;;ADJ;ADJ;13;amod;;15;;15
15;.;;PUNCT;PUNCT;6;punct;;12;;6
;;;;;;;;15;;
;;;;;;;;6;;
;;;;;;;;;;
1;Las;;ART;ART;2;det;;2;;
2;sociedades;;N;N;6;nsubj;;6;;
3;de;;PREP;PREP;4;case;;4;;
4;capital;;N;N;2;nmod;;2;;
5;español;;ADJ;ADJ;4;amod;;4;;
6;suponen;;V;V;0;ROOT;;0;;
7;el;;ART;ART;8;det;;11;;
8;7%;;Q;Q;6;dobj;;11;;
9;de;;PREP;PREP;11;case;;11;;
10;el;;ART;ART;11;det;;11;;
11;PIB;;NPR;NPR;8;nmod;;6;;
12;argentino;;ADJ;ADJ;11;amod;;11;;
13;.;;PUNCT;PUNCT;6;punct;;6;;
;;;;;;;;;;
1;Aznar;;NPR;NPR;2;nsubj;;2;;
2;garantiza;;V;V;0;ROOT;;0;;
3;a;;PREP;PREP;5;case;;5;;
4;los;;ART;ART;5;det;;5;;
5;sindicatos;;N;N;2;iobj;;2;;
6;que;;C;C;8;c;;8;;
7;no;;ADV;ADV;8;neg;;8;;
8;abaratará;;V;V;2;ccomp;;2;;
9;más;;ADV;ADV;8;advmod;;8;;
10;el;;ART;ART;11;det;;11;;
11;despido;;N;N;8;dobj;;8;;
12;.;;PUNCT;PUNCT;2;punct;;2;;
;;;;;;;;;;
1;La;;ART;ART;2;det;;2;;
2;Corporación;;NPR;NPR;4;nsubj;;4;;
3;Banesto;;NPR;NPR;2;appos;;2;;
4;vende;;V;V;0;ROOT;;0;;
5;Isolux;;NPR;NPR;4;dobj;;4;;
6;por;;PREP;PREP;8;case;;8;;
7;14500;;Q;Q;8;det;;8;;
8;millones;;N;N;4;nmod;;4;;
9;.;;PUNCT;PUNCT;4;punct;;4;;
;;;;;;;;;;
1;Un;;ART;ART;2;det;;2;;
2;juez;;N;N;3;nsubj;;3;;
3;dicta;;V;V;0;ROOT;;0;;
4;nulos;;ADJ;ADJ;3;xcomp;;3;;
5;varios;;Q;Q;6;det;;6;;
6;despidos;;N;N;3;dobj;;3;;
7;por;;PREP;PREP;8;case;;8;;
8;participar;;V;V;3;advcl;;3;;
9;en;;PREP;PREP;10;case;;10;;
10;elecciones;;N;N;8;nmod;;8;;
11;sindicales;;ADJ;ADJ;10;amod;;10;;
12;.;;PUNCT;PUNCT;3;punct;;3;;
;;;;;;;;;;
1;Madrid;;NPR;NPR;4;nsubj;;4;;
2;y;;C;C;3;c;;1;;
3;Toledo;;NPR;NPR;1;conj;;1;;
4;acogen;;V;V;0;ROOT;;0;;
5;un;;ART;ART;6;det;;6;;
6;congreso;;N;N;4;dobj;;4;;
7;sobre;;PREP;PREP;8;case;;8;;
8;Américo_Castro;;NPR;NPR;6;nmod;;6;;
9;.;;PUNCT;PUNCT;4;punct;;4;;
;;;;;;;;;;
1;Viena;;NPR;NPR;2;nsubj;;2;;
2;rinde;;V;V;0;ROOT;;0;;
3;culto;;N;N;2;dobj;;2;;
4;a;;PREP;PREP;6;case;;6;;
5;la;;ART;ART;6;det;;6;;
6;actriz;;N;N;2;iobj;;2;;
7;Romy_Schneider;;NPR;NPR;6;aposs;;6;;
8;.;;PUNCT;PUNCT;2;punct;;2;;
;;;;;;;;;;
1;Madrid;;NPR;NPR;2;nsubj;;2;;
2;repasa;;V;V;0;ROOT;;0;;
3;en;;PREP;PREP;5;case;;5;;
4;una;;ART;ART;5;det;;5;;
5;exposición;;N;N;2;nmod;;2;;
6;la;;ART;ART;7;det;;7;;
7;cultura;;N;N;2;dobj;;2;;
8;de;;PREP;PREP;10;case;;10;;
9;los;;ART;ART;10;det;;10;;
10;sioux;;N;N;7;nmod;;7;;
11;más_allá_de;;PREP;PREP;13;case;;13;;
12;la;;ART;ART;13;det;;13;;
13;leyenda;;N;N;7;nmod;;7;;
14;.;;PUNCT;PUNCT;2;punct;;2;;
;;;;;;;;;;
1;Santillana;;NPR;NPR;2;nsubj;;2;;
2;obtiene;;V;V;0;ROOT;;0;;
3;el;;ART;ART;4;det;;4;;
4;premio;;N;N;2;dobj;;2;;
5;a;;PREP;PREP;8;case;;8;;
6;la;;ART;ART;8;det;;8;;
7;mejor;;ADJ;ADJ;8;amod;;8;;
8;editorial;;N;N;4;nmod;;4;;
9;latinoamericana;;ADJ;ADJ;8;amod;;8;;
10;en;;PREP;PREP;11;case;;11;;
11;Estados_Unidos;;NPR;NPR;9;nmod;;8;;
12;.;;PUNCT;PUNCT;12;punct;;13;;
;;;;;;;;2;;
;;;;;;;;2;;
;;;;;;;;;;
1;Plácido_Domingo;;NPR;NPR;2;nsubj;;2;;
2;encarna;;V;V;0;ROOT;;0;;
3;por;;PREP;PREP;5;case;;5;;
4;primera;;Q;Q;5;det;;5;;
5;vez;;N;N;2;nmod;;2;;
6;a;;PREP;PREP;8;case;;8;;
7;;;PUNCT;PUNCT;2;punct;;8;;
8;El_Cid;;NPR;NPR;2;dobj;;2;;
9;;;PUNCT;PUNCT;2;punct;;8;;
10;en;;PREP;PREP;12;case;;12;;
11;el;;ART;ART;12;det;;12;;
12;teatro;;N;N;2;nmod;;2;;
13;de;;PREP;PREP;15;case;;15;;
14;la;;ART;ART;15;det;;15;;
15;Maestranza;;NPR;NPR;12;nmod;;12;;
16;de;;PREP;PREP;17;case;;17;;
17;Sevilla;;NPR;NPR;15;nmod;;15;;
18;.;;PUNCT;PUNCT;2;punct;;2;;
;;;;;;;;;;
1;Las;;ART;ART;2;det;;2;;
2;aves;;N;N;5;nsubj;;6;;
3;de;;PREP;PREP;4;case;;4;;
4;Doñana;;NPR;NPR;2;nmod;;2;;
5;siguen;;V;V;6;aux;;6;;
6;alimentando;;V;V;0;ROOT;;0;;
7;se   ;;P;P;6;mark;;8;;
8;en;;PREP;PREP;9;case;;6;;
9;zonas;;N;N;6;nmod;;8;;
10;envenenadas;;ADJ;ADJ;9;amod;;12;;
11;por;;PREP;PREP;13;case;;12;;
12;el   ;;ART;ART;13;det;;9;;
13;vertido;;N;N;10;nmod;;12;;
14;tóxico;;ADJ;ADJ;13;amod;;6;;
15;.;;PUNCT;PUNCT;6;punct;;;;
;;;;;;;;;;
1;La;;ART;ART;2;det;;2;;
2;UE;;NPR;NPR;3;nsubj;;3;;
3;considera;;V;V;0;ROOT;;0;;
4;dañinas;;ADJ;ADJ;3;xcomp;;3;;
5;las;;ART;ART;6;det;;6;;
6;hormonas;;N;N;3;dobj;;3;;
7;utilizadas;;V;V;6;acl;;6;;
8;en;;PREP;PREP;10;case;;10;;
9;la;;ART;ART;10;det;;10;;
10;carne;;N;N;7;nmod;;7;;
11;de;;PREP;PREP;12;case;;12;;
12;EEUU;;NPR;NPR;10;nmod;;10;;
13;.;;PUNCT;PUNCT;3;punct;;3;;
;;;;;;;;;;
1;La;;ART;ART;2;det;;2;;
2;policía;;N;N;3;nsubj;;3;;
3;desmantela;;V;V;0;ROOT;;0;;
4;una;;ART;ART;5;det;;5;;
5;red;;N;N;3;dobj;;3;;
6;que;;P;P;7;nsubj;;7;;
7;vendía;;V;V;5;acl:rel;;5;;
8;Viagra;;NPR;NPR;7;dobj;;7;;
9;en;;PREP;PREP;10;case;;10;;
10;Internet;;NPR;NPR;7;nmod;;7;;
11;.;;PUNCT;PUNCT;3;punct;;3;;
;;;;;;;;;;
1;El;;ART;ART;2;det;;2;;
2;Consejo_de_Seguridad_Nuclear;;NPR;NPR;3;nsubj;;3;;
3;pide;;V;V;0;ROOT;;0;;
4;un;;Q;Q;5;det;;5;;
5;depósito;;N;N;3;dobj;;3;;
6;único;;ADJ;ADJ;5;amod;;5;;
7;para;;PREP;PREP;9;case;;9;;
8;los;;ART;ART;9;det;;9;;
9;residuos;;N;N;5;nmod;;5;;
10;de;;PREP;PREP;12;case;;12;;
11;las;;ART;ART;12;det;;12;;
12;centrales;;N;N;9;nmod;;9;;
13;.;;PUNCT;PUNCT;3;punct;;3;;
;;;;;;;;;;
1;La;;ART;ART;2;det;error en arbol lisp???;2;;
2;huelga;;N;N;6;nsubj;;6;;
3;de;;PREP;PREP;5;case;;5;;
4;los;;ART;ART;5;det;;5;;
5;MIR;;NPR;NPR;2;nmod;;6;;
6;empieza;;V;V;0;ROOT;;0;;
7;mañana;;ADV;ADV;6;advmod;;6;;
8;en;;PREP;PREP;10;case;;10;;
9;nueve;;Q;Q;10;det;;10;;
10;comunidades;;N;N;6;nmod;;6;;
11;.;;PUNCT;PUNCT;6;punct;;6;;
;;;;;;;;;;
1;Oxford;;NPR;NPR;19;nsubj;copulativa;;;
2;y;;C;C;3;c;;;;
3;Cambridge;;NPR;NPR;1;conj;;;;
4;;;PUNCT;;19;punct;;;;
5;las;;ART;ART;7;det;;;;
6;dos;;Q;Q;7;det;;;;
7;joyas;;N;N;1;appos;;;;
8;de;;PREP;PREP;10;case;;;;
9;la;;ART;ART;10;det;;;;
10;educación;;N;N;7;nmod;;;;
11;universitaria;;ADJ;ADJ;10;amod;;;;
12;británica;;ADJ;ADJ;10;amod;;;;
13;;;;PUNCT;19;punct;;;;
14;ya;;ADV;ADV;19;advmod;;;;
15;no;;ADV;ADV;19;neg;;;;
16;están;;V;V;19;cop;;;;
17;en;;PREP;PREP;19;case;;;;
18;la;;ART;ART;19;det;;;;
19;cima;;N;N;0;ROOT;;;;
20;de;;PREP;PREP;22;case;;;;
21;el   ;;ART;ART;22;det;;;;
22;mundo;;N;N;19;nmod;;;;
23;.;;PUNCT;PUNCT;19;punct;;;;
;;;;;;;;;;
1;Panamá;;NPR;NPR;2;nsubj;;2;;
2;vivió;;V;V;0;ROOT;;0;;
3;el;;ART;ART;5;det;;4;;
4;pasado;;N;N;5;amod;;2;;
5;domingo;;N;N;2;nmod;;4;;
6;una;;ART;ART;7;det;;7;;
7;jornada;;N;N;2;dobj;;2;;
8;electoral;;ADJ;ADJ;7;amod;;7;;
9;cargada;;ADJ;ADJ;7;amod;;7;;
10;de;;PREP;PREP;11;case;;11;;
11;simbolismos;;N;N;9;nmod;;9;;
12;.;;PUNCT;PUNCT;2;punct;;2;;
;;;;;;;;;;
1;Todos;;Q;Q;3;det;subordinada;3;3;
2;los;;ART;ART;3;det;verbo ser;3;3;
3;observadores;;N;N;4;nsubj;;4;4;
4;coinciden;;V;V;0;ROOT;;0;0;
5;en;;PREP;PREP;12;case;;8;7;
6;que;;C;C;12;c;;8;7;
7;han;;AUX;AUX;8;aux;;8;4;
8;sido;;V;V;12;cop;;4;9;
9;las;;ART;ART;10;det;;10;7;
10;elecciones;;N;N;12;nsubj;;8;9;
11;más;;ADV;ADV;12;advmod;;10;9;
12;limpias;;ADJ;ADJ;4;ccomp;;10;15;
13;de;;PREP;PREP;16;case;;16;15;
14;ese;;DEM;DEM;16;det;;16;15;
15;pequeño;;ADJ;ADJ;16;amod;;16;9;
16;país;;N;N;12;nmod;;10;4;
17;.;;PUNCT;PUNCT;4;;;4;;
;;;;;;;;;;
1;A_veces;;ADV;ADV;5;advmod;;5;;
2;;;PUNCT;PUNCT;5;punct;;5;;
3;las;;ART;ART;4;det;;4;;
4;leyes;;N;N;5;nsubj;;5;;
5;fallan;;V;V;0;ROOT;;0;;
6;porque;;C;C;7;c;;7;;
7;ignoran;;V;V;5;advcl;;5;;
8;olímpicamente;;ADV;ADV;7;advmod;;7;;
9;la;;ART;ART;10;det;;10;;
10;realidad;;N;N;7;dobj;;7;;
11;.;;PUNCT;PUNCT;;;;5;;
;;;;;;;;;;
1;La;;ART;ART;2;det;;2;;
2;madeja;;N;N;5;nsubj;;5;;
3;política;;ADJ;ADJ;2;amod;;2;;
4;italiana;;ADJ;ADJ;2;amod;;2;;
5;goza;;V;V;0;ROOT;;0;;
6;de;;PREP;PREP;8;case;;8;;
7;merecida;;ADJ;ADJ;8;amod;;8;;
8;fama;;N;N;5;nmod;;5;;
9;de;;PREP;PREP;10;case;;10;;
10;inextricable;;ADJ;ADJ;8;amod;;8;;
11;.;;PUNCT;PUNCT;5;punct;;5;;
;;;;;;;;;;
1;Un;;ART;ART;2;det;;2;;
2;incendio;;N;N;4;nsubj;;4;;
3;fortuito;;ADJ;ADJ;2;amod;;2;;
4;permite;;V;V;0;ROOT;;0;;
5;descubrir;;V;V;4;ccomp;;4;;
6;en;;PREP;PREP;7;case;;7;;
7;Francia;;NPR;NPR;5;nmod;;5;;
8;el;;ART;ART;10;det;;10;;
9;mayor;;ADJ;ADJ;10;amod;;10;;
10;arsenal;;N;N;5;dobj;;5;;
11;de;;PREP;PREP;12;case;;12;;
12;ETA;;NPR;NPR;10;nmod;;10;;
13;desde;;PREP;PREP;14;case;;14;;
14;1982;;DATE;DATE;5;advmod;;5;;
15;.;;PUNCT;PUNCT;5;punct;;4;;
;;;;;;;;;;
1;El;;ART;ART;2;det;;2;;
2;Gobierno;;NPR;NPR;4;nsubj;;4;;
3;ha;;AUX;AUX;4;aux;;4;;
4;situado;;V;V;0;ROOT;;0;;
5;a;;PREP;PREP;7;case;;7;;
6;10;;Q;Q;7;det;;7;;
7;cargos;;N;N;4;dobj;;4;;
8;sin;;PREP;PREP;9;case;;9;;
9;experiencia;;N;N;7;nmod;;7;;
10;en;;PREP;PREP;12;case;;12;;
11;el;;ART;ART;12;det;;12;;
12;consejo;;N;N;4;nmod;;4;;
13;de;;PREP;PREP;14;case;;14;;
14;AENA;;NPR;NPR;12;nmod;;12;;
15;.;;PUNCT;PUNCT;4;punct;;4;;
;;;;;;;;;;
1;El;;ART;ART;2;det;;2;;
2;alcalde;;N;N;5;nsubj;;5;;
3;de;;PREP;PREP;4;case;;4;;
4;Jerez;;NPR;NPR;2;nmod;;2;;
5;quiere;;V;V;0;ROOT;;0;;
6;demandar;;V;V;5;ccomp;;5;;
7;a;;PREP;PREP;8;case;;8;;
8;Iberia;;NPR;NPR;6;dobj;;6;;
9;.;;PUNCT;PUNCT;5;punct;;5;;
;;;;;;;;;;
1;Iberia;;NPR;NPR;2;nsubj;;2;;
2;suprime;;V;V;0;ROOT;;0;;
3;vuelos;;N;N;2;dobj;;2;;
4;entre;;PREP;PREP;5;case;;5;;
5;Jerez;;NPR;NPR;3;nmod;;3;;
6;y;;C;C;7;c;;5;;
7;Madrid;;NPR;NPR;5;conj;;5;;
8;en;;PREP;PREP;10;case;;10;;
9;plena;;ADJ;ADJ;10;amod;;10;;
10;temporada;;N;N;2;nmod;;2;;
11;turística;;ADJ;ADJ;10;amod;;10;;
12;.;;PUNCT;PUNCT;2;punct;;2;;
;;;;;;;;;;
1;Iberia;;NPR;NPR;5;nsubj;copulativa;5;;
2;y;;C;C;3;c;;1;;
3;Fomento;;NPR;NPR;1;conj;;1;;
4;se;;P;P;5;dobj;;5;;
5;acusan;;V;V;0;ROOT;;0;;
6;mutuamente;;ADV;ADV;5;advmod;;5;;
7;de;;PREP;PREP;9;case;;9;;
8;los;;ART;ART;9;det;;9;;
9;retrasos;;N;N;5;nmod;;5;;
10;en;;PREP;PREP;12;case;;12;;
11;los;;ART;ART;12;det;;12;;
12;vuelos;;N;N;9;nmod;;5;;
13;de;;PREP;PREP;14;case;;14;;
14;Barajas;;NPR;NPR;12;nmod;;12;;
15;.;;PUNCT;PUNCT;5;punct;;5;;
;;;;;;;;;;
1;Los;;ART;ART;2;det;;2;;
2;controladores;;N;N;3;nsubj;;3;;
3;ven;;V;V;0;ROOT;;0;;
4;con;;PREP;PREP;5;case;;5;;
5;reservas;;N;N;3;nmod;;3;;
6;la;;ART;ART;7;det;;7;;
7;incorporación;;N;N;3;dobj;;3;;
8;de;;PREP;PREP;9;case;;9;;
9;prejubilados;;N;N;7;nmod;;7;;
10;.;;PUNCT;PUNCT;3;punct;;3;;
;;;;;;;;;;
1;Rubalcaba;;NPR;NPR;2;nsubj;copulativa;2;;
2;recomienda;;V;V;0;ROOT;;0;;
3;a;;PREP;PREP;4;case;;4;;
4;Arenas;;NPR;NPR;2;iobj;;2;;
5;que;;C;C;7;c;;7;;
6;se;;P;P;7;dobj;;7;;
7;arrodille;;V;V;2;ccmop;;2;;
8;en;;PREP;PREP;9;case;;9;;
9;Barajas;;NPR;NPR;7;nmod;;7;;
10;y;;C;C;11;cc;;7;;
11;pida;;V;V;7;conj;;7;;
12;perdón;;N;N;11;dobj;;11;;
13;.;;PUNCT;PUNCT;2;punct;;2;;
;;;;;;;;;;
1;EH;;NPR;NPR;2;nsubj;;2;;
2;presenta;;V;V;0;ROOT;;0;;
3;a;;PREP;PREP;4;case;;4;;
4;Josu_Ternera;;NPR;NPR;2;dobj;;2;;
5;como;;C;C;6;c;;6;;
6;candidato;;N;N;4;nmod;;4;;
7;en;;PREP;PREP;9;case;;9;;
8;su;;POSS;POSS;9;det;;9;;
9;pueblo;;N;N;2;nmod;;2;;
10;natal;;ADJ;ADJ;9;amod;;9;;
11;.;;PUNCT;PUNCT;2;punct;;2;;
;;;;;;;;;;
1;El;;ART;ART;2;det ;;2;;
2;presidente;;N;N;7;nsubj;;7;;
3;de;;PREP;PREP;5;case;;5;;
4;la;;ART;ART;5;det;;5;;
5;patronal;;N;N;2;nmod;;2;;
6;vasca;;ADJ;ADJ;5;amod;;5;;
7;pide;;V;V;0;ROOT;;0;;
8;a;;PREP;PREP;10;case;;10;;
9;los;;ART;ART;10;det;;10;;
10;partidos;;N;N;7;iobj;;7;;
11;un;;Q;Q;13;det;;13;;
12;«;;PUNCT;PUNCT;7;punct;;13;;
13;acuerdo;;N;N;7;dobj;;7;;
14;pleno;;ADJ;ADJ;13;amod;;13;;
15;»;;PUNCT;PUNCT;7;punct;;13;;
16;sobre;;PREP;PREP;18;case;;18;;
17;el;;ART;ART;18;det;;18;;
18;Estatuto;;NPR;NPR;13;nmod;;13;;
19;.;;PUNCT;PUNCT;7;punct;;7;;
;;;;;;;;;;
1;Pujol;;NPR;NPR;2;nsubj;;2;;
2;avisa;;V;V;0;ROOT;;0;;
3;de;;PREP;PREP;6;case;;6;;
4;que;;C;C;6;c;;6;;
5;no;;ADV;ADV;6;advmod;;6;;
6;tolerará;;V;V;2;ccomp;;2;;
7;los;;ART;ART;8;det;;8;;
8;intentos;;N;N;6;dobj;;6;;
9;para;;PREP;PREP;10;case;;10;;
10;desestabilizar;;V;V;8;xcomp;;8;;
11;Cataluña;;NPR;NPR;10;dobj;;10;;
12;.;;PUNCT;PUNCT;2;punct;;2;;
;;;;;;;;;;
1;El;;ART;ART;2;det;;2;;
2;puerto;;N;N;5;nsubj;;5;;
3;de;;PREP;PREP;4;case;;4;;
4;Barcelona;;NPR;NPR;2;nmod;;2;;
5;contrata;;V;V;0;ROOT;;0;;
6;con;;PREP;PREP;8;case;;8;;
7;una;;ART;ART;8;det / Q NUM;;8;;
8;empresa;;N;N;5;nmod;;5;;
9;vinculada;;ADJ;ADJ;8;amod;;11;;
10;a;;PREP;PREP;11;case;;11;;
11;Marta_Ferrusola;;NPR;NPR;8;nmod;;8;;
12;.;;PUNCT;PUNCT;5;punct;;5;;
;;;;;;;;;;
1;Dimiten;;V;V;0;ROOT;;0;;
2;dos;;Q;Q;3;det;;3;;
3;ediles;;N;N;1;nsubj;;1;;
4;de;;PREP;PREP;6;case;;6;;
5;el  ;;ART;ART;6;det;;6;;
6;PP;;NPR;NPR;3;nmod;;3;;
7;en;;PREP;PREP;8;case;;8;;
8;Albacete;;NPR;NPR;1;nmod;;6;;
9;por;;PREP;PREP;11;case;;11;;
10;la;;ART;ART;11;det;;11;;
11;crisis;;N;N;1;nmod;;1;;
12;interna;;ADJ;ADJ;11;amod;;11;;
13;de;;PREP;PREP;15;case;;15;;
14;el     ;;ART;ART;15;det;;15;;
15;partido;;N;N;11;nmod;;11;;
16;.;;PUNCT;PUNCT;1;punct;;1;;
;;;;;;;;;;
1;El;;ART;ART;2;det;;2;;
2;PP;;NPR;NPR;5;nsubj;;5;;
3;de;;PREP;PREP;4;case;;4;;
4;Melilla;;NPR;NPR;2;nmod;;2;;
5;insta;;V;V;0;ROOT;;0;;
6;a;;PREP;PREP;8;case;;8;;
7;una;;ART;ART;8;det;;8;;
8;postura;;N;N;5;nmod;;5;;
9;única;;ADJ;ADJ;8;amod;;8;;
10;de;;PREP;PREP;12;case;;12;;
11;los;;ART;ART;12;det;;12;;
12;partidos;;N;N;8;nmod;;8;;
13;frente_a;;PREP;PREP;14;case;;14;;
14;Marruecos;;NPR;NPR;8;nmod;;8;;
15;.;;PUNCT;PUNCT;5;punct;;5;;
;;;;;;;;;;
1;La;;ART;ART;2;det;;2;;
2;Cámara_de_Cuentas;;NPR;NPR;4;nsubj;;4;;
3;andaluza;;ADJ;ADJ;2;amod;;2;;
4;ve;;V;V;0;ROOT;;0;;
5;indicios;;N;N;4;dobj;;4;;
6;de;;PREP;PREP;7;case;;7;;
7;delito;;N;N;5;nmod;;5;;
8;en;;PREP;PREP;10;case;;10;;
9;la;;ART;ART;10;det;;10;;
10;gestión;;N;N;7;nmod;;4;;
11;de;;PREP;PREP;12;case;;12;;
12;Gil;;NPR;NPR;10;nmod;;10;;
13;.;;PUNCT;PUNCT;4;punct;;4;;
;;;;;;;;;;
1;El;;ART;ART;2;det;;2;;
2;Poder_Judicial;;NPR;NPR;3;nsubj;;3;;
3;paraliza;;V;V;0;ROOT;;0;;
4;la;;ART;ART;5;det;;5;;
5;queja;;N;N;3;dobj;;3;;
6;de;;PREP;PREP;8;case;;8;;
7;el     ;;ART;ART;8;det;;8;;
8;alcalde;;N;N;5;nmod;;5;;
9;.;;PUNCT;PUNCT;3;punct;;3;;
;;;;;;;;;;
1;Perote;;NPR;NPR;2;nsubj;;2;;
2;obtiene;;V;V;0;ROOT;;0;;
3;la;;ART;ART;4;det;;4;;
4;libertad;;N;N;2;dobj;;2;;
5;condicional;;ADJ;ADJ;4;amod;;4;;
6;tras;;PREP;PREP;7;case;;7;;
7;cumplir;;V;V;2;advcl;;2;;
8;casi;;ADV;ADV;10;advmod;;10;;
9;34;;Q;Q;10;det;;10;;
10;meses;;N;N;7;dobj;;7;;
11;de;;PREP;PREP;12;case;;12;;
12;prisión;;N;N;10;nmod;;10;;
13;.;;PUNCT;PUNCT;2;punct;;2;;
;;;;;;;;;;
1;Mueren;;V;V;0;ROOT;;0;;
2;una;;Q;Q;3;det;;3;;
3;mujer;;N;N;1;nsubj;;1;;
4;y;;C;C;7;c;;3;;
5;sus;;POSS;POSS;7;det;;7;;
6;dos;;Q;Q;7;det;;7;;
7;hijos;;N;N;3;conj;;3;;
8;en;;PREP;PREP;10;case;;10;;
9;un;;ART;ART;10;det;;10;;
10;accidente;;N;N;1;nmod;;1;;
11;de;;PREP;PREP;12;case;;12;;
12;tráfico;;N;N;10;nmod;;10;;
13;en;;PREP;PREP;14;case;;14;;
14;Segovia;;NPR;NPR;1;nmod;;12;;
15;.;;PUNCT;PUNCT;1;punct;;16;;
;;;;;;;;1;;
;;;;;;;;1;;
;;;;;;;;;;
1;Claudia;;NPR;NPR;2;nsubj;;2;;
2;trabaja;;V;V;0;ROOT;;0;;
3;en;;PREP;PREP;5;case;;5;;
4;un;;ART;ART;5;det;;5;;
5;restaurante;;N;N;2;nmod;;2;;
6;.;;PUNCT;PUNCT;2;punct;;2;;
;;;;;;;;;;
1;Vive;;V;V;0;ROOT;subordinada coordinada ;0;;
2;con;;PREP;PREP;4;case;verbo ser;4;;
3;su;;POSS;POSS;4;det;;4;;
4;novio;;N;N;1;nmod;;1;;
5;0;;;PUNCT;1;punct;;4;;
6;un;;ART;ART;7;det;;7;;
7;chico;;N;N;4;appos;;4;;
8;que;;P;P;9;nsubj;;9;;
9;conoce;;V;V;7;acl:rel;;7;;
10;de;;PREP;PREP;13;case;;13;;
11;toda;;Q;Q;13;det;;13;;
12;la;;ART;ART;13;det;;13;;
13;vida;;N;N;7;nmod;;9;;
14;0;;PUNCT;PUNCT;1;punct;;9;;
15;que;;P;P;18;nsubj;;16;;
16;es;;V;V;18;cop;;9;;
17;muy;;ADV;ADV;18;advmod;;16;;
18;bueno;;ADJ;ADJ;4;acl:rel;;16;;
19;con;;PREP;PREP;20;case;;16;;
20;ella;;P;P;18;nmod;;16;;
21;.;;PUNCT;PUNCT;1;punct;;1;;
;;;;;;;;;;
1;Están;;V;V;3;cop;verbo ser;0;;
2;bien;;ADV;ADV;3;advmod;;1;;
3;juntos;;ADJ;ADJ;0;ROOT;;1;;
4;.;;PUNCT;PUNCT;3;punct;;1;;
;;;;;;;;;;
1;A;;PREP;PREP;3;case;error;3;;
2;los;;ART;ART;3;det;;3;;
3;montículos;;N;N;13;iobj;;6;;
4;rocosos;;ADJ;ADJ;3;amod;;3;;
5;que;;P;P;6;nsubj;;6;;
6;circundan;;V;V;3;acl:rel;;0;;
7;la;;ART;ART;9;det;;9;;
8;envidiable;;ADJ;ADJ;9;amod;;9;;
9;ciudad;;N;N;6;dobj;;6;;
10;de;;PREP;PREP;11;case;;11;;
11;Río_de_Janeiro;;NPR;NPR;9;nmod;;9;;
12;les;;P;P;13;iobj;;3;;
13;llaman;;V;V;0;ROOT;;3;;
;`;;;;;;;15;;
14;piedras;;N;N;13;dobj;;3;;
;`;;;;;;;15;;
15;.;;PUNCT;PUNCT;13;punct;;6;;
;;;;;;;;;;
;;;;;;;;;;
;;;;;;;;;;
1;Quedan;;V;V;0;ROOT;;0;;
2;con;;PREP;PREP;4;case;;4;;
3;los;;ART;ART;4;det;;4;;
4;amigos;;N;N;1;nmod;;1;;
5;.;;PUNCT;PUNCT;1;punct;;1;;
;;;;;;;;;;
1;La;;ART;ART;2;det;error;2;;
2;diosa;;N;N;8;nsubj;;8;;
3;viviente;;ADJ;ADJ;2;amod;;2;;
4;Kumari;;NPR;NPR;2;aposs;;2;;
5;de;;PREP;PREP;6;case;;6;;
6;Nepal;;NPR;NPR;4;nmod;;2;;
7;se;;P;P;8;dobj;;8;;
8;asoma;;V;V;0;ROOT;;0;;
9;para;;PREP;PREP;10;case;;10;;
10;ver;;V;V;8;advcl;;8;;
11;a;;PREP;PREP;13;case;;13;;
12;los;;ART;ART;13;det;;13;;
13;votantes;;N;N;10;dobj;;10;;
14;en;;PREP;PREP;16;case;;16;;
15;las;;ART;ART;16;det;;16;;
16;elecciones;;N;N;8;nmod;;10;;
17;de;;PREP;PREP;20;case;;19;;
18;el     ;;ART;ART;20;det;;19;;
19;pasado;;N;N;20;amod;;16;;
20;domingo;;N;N;16;nmod;;19;;
21;.;;PUNCT;PUNCT;8;punct;;8;;
;;;;;;;;;;
1;Claudia;;NPR;NPR;2;nsubj;;2;;
2;tiene;;V;V;0;ROOT;;0;;
3;un;;ART;ART;4;det;;4;;
4;trabajo;;N;N;2;dobj;;2;;
5;fijo;;ADJ;ADJ;4;amod;;4;;
6;.;;PUNCT;PUNCT;2;punct;;2;;
;;;;;;;;;;
1;Y;;CON;CON;2;discourse marker;;2;;
2;sigue;;V;V;0;ROOT;;0;;
3;así;;ADV;ADV;2;advmod;;2;;
4;hasta_que;;C;C;5;c;;5;;
5;aparece;;V;V;2;advcl;;2;;
6;Charlie;;NPR;NPR;5;nsubj;;5;;
7;;;PUNCT;PUNCT;2;punct;;6;;
8;un;;ART;ART;9;det;;9;;
9;ex_novio;;N;N;6;appos;;6;;
10;que;;P;P;12;nsubj;;12;;
11;la;;P;P;12;dobj;;12;;
12;dejó;;V;V;9;acl:rel;;9;;
13;tirada;;ADJ;ADJ;12;xcomp;;12;;
14;y;;C;C;16;c;;12;;
15;la;;P;P;16;iobj;;16;;
16;rompió;;V;V;12;conj;;12;;
17;el;;ART;ART;18;det;;18;;
18;corazón;;N;N;16;dobj;;16;;
19;.;;PUNCT;PUNCT;2;punct;;2;;
;;;;;;;;;;
1;Y_ahora;;CON;CON;4;discourse marker;copulativa;4;;
2;ha;;V;V;3;aux;;4;;
3;vuelto;;V;V;0;ROOT;;4;;
4;para;;PREP;PREP;5;case;;0;;
5;llevar    ;;V;V;3;advcl;;6;;
6;se    ;;P;P;5;mark;;4;;
7;a;;PREP;PREP;8;case;;8;;
8;Claudia;;NPR;NPR;5;dobj;;6;;
9;y;;C;C;10;c;;6;;
10;seguir;;V;V;3;conj;;6;;
11;donde;;C;C;14;c;;14;;
12;lo;;P;P;14;dobj;;14;;
13;habían;;V;V;14;aux;;14;;
14;dejado;;V;V;10;advcl;;10;;
15;.;;PUNCT;PUNCT;3;punct;;4;;
;;;;;;;;;;
1;Pero;;CON;CON;6;c;copulativa;4;;
2;ella;;P;P;6;nsubj;verbo ser;4;;
3;ahora;;ADV;ADV;6;advmod;;4;;
4;está;;V;V;6;cop;;0;;
5;con;;PREP;PREP;6;case;;6;;
6;Michael;;NPR;NPR;0;ROOT;;4;;
7;0;;PUNCT;PUNCT;6;punct;;9;;
8;que;;P;P;10;nsubj;;9;;
9;es;;V;V;10;cop;;6;;
10;guapo;;ADJ;ADJ;6;acl:rel;;9;;
11;0;;PUNCT;PUNCT;6;punct;;9;;
12;cariñoso;;ADJ;ADJ;10;appos;;9;;
13;y;;C;C;15;c;;9;;
14;la;;P;P;15;dobj;;15;;
15;ama;;V;V;12;conj;;9;;
16;.;;PUNCT;PUNCT;6;punct;;4;;
;;;;;;;;;;
1;Charlie;;NPR;NPR;5;nsubj;verbo ser;2;;
2;es;;V;V;5;cop;;0;;
3;el;;ART;ART;5;det;;5;;
4;típico;;ADJ;ADJ;5;amod;;5;;
5;sinvergüenza;;N;N;0;ROOT;;2;;
6;encantador;;ADJ;ADJ;5;amod;;5;;
7;con;;PREP;PREP;9;case;;9;;
8;la;;ART;ART;9;det;;9;;
9;cabeza;;N;N;5;nmod;;5;;
10;llena;;ADJ;ADJ;9;amod;;12;;
11;de;;PREP;PREP;12;case;;12;;
12;pájaros;;N;N;10;nmod;;9;;
13;.;;PUNCT;PUNCT;5;punct;;2;;
;;;;;;;;;;
1;Dedee_Truitt;;NPR;NPR;2;nsubj;error cuatitativo;2;;
2;tiene;;V;V;0;ROOT;mal, la relacion va co el nombre no con cuantitativo;0;;
3;sólo;;ADV;ADV;4;advmod;;5;;
4;16;;Q;Q;5;det;;5;;
5;años;;N;N;2;dobj;;2;;
6;pero;;C;C;7;cc;;2;;
7;sabe;;V;V;2;conj;;2;;
8;latín;;N;N;7;dobj;;7;;
9;.;;PUNCT;PUNCT;2;punct;;2;;
;;;;;;;;;;
1;Se;;P;P;3;pron;copulativa;3;;
2;ha;;AUX;AUX;3;aux;;3;;
3;escapado;;V;V;0;ROOT;;0;;
4;de;;PREP;PREP;5;case;;5;;
5;casa;;N;N;3;nmod;;3;;
6;y;;C;C;9;c;;3;;
7;se    ;;P;P;9;pron;;9;;
8;ha;;AUX;AUX;9;aux;;9;;
9;ido;;V;V;3;conj;;3;;
10;a;;PREP;PREP;11;case;;11;;
11;vivir;;V;V;9;advcl;;9;;
12;con;;PREP;PREP;14;case;;14;;
13;su;;POSS;POSS;14;det;;14;;
14;hermanastro;;N;N;11;nmod;;11;;
15;Bill;;NPR;NPR;14;appos;;14;;
16;0;;PUNCT;PUNCT;3;punct;;14;;
17;dedicado;;ADJ;ADJ;20;amod;;20;;
18;y;;C;C;19;c;;20;;
19;afable;;ADJ;ADJ;17;conj;;20;;
20;profesor;;N;N;14;appos;;14;;
21;homosexual;;ADJ;ADJ;20;amod;;20;;
22;de;;PREP;PREP;25;case;;25;;
23;un;;ART;ART;25;det;;25;;
24;pequeño;;ADJ;ADJ;25;amod;;25;;
25;pueblo;;N;N;20;nmod;;20;;
26;.;;PUNCT;PUNCT;3;punct;;3;;
;;;;;;;;;;
1;Ahora;;ADV;ADV;11;advmod;copulativa ;11;;
3;tras;;PREP;PREP;5;case;verbo ser;4;;
4;la;;ART;ART;5;det;;4;;
5;muerte;;N;N;11;nmod;;11;;
6;de;;PREP;PREP;8;case;;7;;
7;su;;POSS;POSS;8;det;;7;;
8;compañero;;N;N;5;nmod;;4;;
10;es;;V;V;11;cop;;4;;
11;rico;;N;N;0;ROOT;;11;;
12;e;;C;C;13;c;;9;;
13;intenta;;V;V;11;conj;;0;;
14;rehacer;;V;V;13;ccomp;;11;;
15;su;;POSS;POSS;16;det;;14;;
16;vida;;N;N;14;dobj;;12;;
17;con;;PREP;PREP;18;case;;16;;
18;Matt;;NPR;NPR;16;nmod;;14;;
19;.;;PUNCT;PUNCT;11;punct;;11;;
;;;;;;;;;;
1;Todo;;NPR;NPR;2;nsubj;copulativa ;2;;
2;estallará;;V;V;0;ROOT;;0;;
3;cuando;;C;C;5;c;;4;;
4;Dedee;;NPR;NPR;5;nsubj;;2;;
5;anuncie;;V;V;2;advcl;;4;;
6;que;;C;C;8;c;;7;;
7;está;;V;V;8;cop;;5;;
8;embarazada;;V;V;5;ccomp;;7;;
9;y;;C;C;14;c;;7;;
10;que;;C;C;14;c;;11;;
11;Matt;;NPR;NPR;14;nsubj;;7;;
12;es;;V;V;14;cop;;11;;
13;el;;ART;ART;14;det;;14;;
14;padre;;N;N;8;conj;;12;;
15;.;;PUNCT;PUNCT;2;punct;;2;;
;;;;;;;;;;
1;Desde;;PREP;PREP;2;case;verbo ser;2;;
2;pequeño;;N;N;4;amod;subordinada;4;;
3;me;;P;P;4;iobj;;4;;
4;enseñaron;;V;V;0;ROOT;;0;;
5;que;;C;C;14;c;;7;;
6;para;;PREP;PREP;7;case;;7;;
7;mover;;V;V;4;advcl;;4;;
8;una;;ART;ART;10;det;;10;;
9;gran;;ADJ;ADJ;10;amod;;10;;
10;piedra;;N;N;7;dobj;;7;;
11;lo;;P;P;12;dobj;;7;;
12;importante;;ADJ;ADJ;14;ccomp;;7;;
13;era;;V;V;14;cop;;7;;
14;mover;;V;V;4;csubj;;13;;
15;la;;P;P;14;dobj;;4;;
16;.;;PUNCT;PUNCT;4;punct;;;;
;;;;;;;;;;
1;Varias;;Q;Q;2;det;;2;;
2;cadenas;;N;N;4;nsubj;;4;;
3;comerciales;;ADJ;ADJ;2;amod;;2;;
4;abrieron;;V;V;0;ROOT;;0;;
5;a;;PREP;PREP;6;case;;6;;
6;la_una_de_la_madrugada;;DATE;DATE;4;advmod;;4;;
7;de;;PREP;PREP;8;case;;8;;
8;ayer;;N;N;6;adv;;6;;
9;para;;PREP;PREP;10;case;;10;;
10;vender;;V;V;4;advcl;;4;;
11;estos;;DEM;DEM;12;det;;12;;
12;juguetes;;N;N;10;dobj;;10;;
13;.;;PUNCT;PUNCT;4;punct;;4;;
;;;;;;;;;;
1;El             ;;ART;ART;2;det;;2;;
2;regreso;;N;N;17;nsubj;;17;;
3;de  ;;PREP;PREP;4;case;;4;;
4;7_Notas_7_Colores;;NPR;NPR;2;nmod;;2;;
5;;;PUNCT;PUNCT;17;punct;;8;;
6;tras;;PREP;PREP;8;case;;8;;
7;el;;ART;ART;8;det;;8;;
8;éxito;;N;N;17;nmod;;17;;
9;de;;PREP;PREP;10;case;;10;;
10;ventas;;N;N;8;nmod;;8;;
11;de;;PREP;PREP;14;case;;14;;
12;su;;POSS;POSS;14;det;;14;;
13;primer;;Q;Q;14;det;;14;;
14;álbum;;N;N;10;nmod;;10;;
15;;;PUNCT;PUNCT;17;punct;;8;;
16;debería  ;;V;V;17;aux;;17;;
17;suponer ;;V;V;0;ROOT;;0;;
18;la  ;;ART;ART;20;det;;20;;
19;definitiva;;ADJ;ADJ;20;amod;;20;;
20;consolidación;;N;N;17;dobj;;17;;
21;de  ;;PREP;PREP;23;case;;23;;
22;el     ;;ART;ART;23;det;;23;;
23;hip_hop;;N;N;20;nmod;;20;;
24;español;;ADJ;ADJ;24;amod;;23;;
25;.;;PUNCT;PUNCT;17;punct;;17;;
;;;;;;;;;;
1;Sólo ;;ADV;ADV;4;advmod;subordinada;7;7;
2;los     ;;ART;ART;4;det;;4;4;
3;grandes;;ADJ;ADJ;4;amod;;4;4;
4;nombres;;N;N;7;nsubj;;7;7;
5;se    ;;P;P;7;mark;;7;7;
6;pueden   ;;V;V;7;aux;;7;7;
7;permitir;;V;V;0;ROOT;;0;0;
8;el     ;;ART;ART;9;det;;9;9;
9;lujo;;N;N;7;dobj;;7;7;
10;de  ;;PREP;PREP;11;case;;11;11;
11;documentar;;V;V;9;xcomp;;9;9;
12;una;;Q;Q;13;det;;13;13;
13;serie;;N;N;11;dobj;;11;11;
14;completa;;ADJ;ADJ;13;amod;;13;13;
15;de  ;;PREP;PREP;16;case;;16;16;
16;conciertos;;N;N;13;nmod;;13;13;
17;.;;PUNCT;PUNCT;7;punct;;7;7;
;;;;;;;;;;
;;;;;;;;;;
1;En;;PREP;PREP;3;case;;3;;
2;estos;;DEM;DEM;3;det;;3;;
3;tiempos;;N;N;7;nmod;;7;;
4;de;;PREP;PREP;5;case;;5;;
5;eclosión;;N;N;3;nmod;;3;;
6;gaitera;;ADJ;ADJ;5;amod;;5;;
7;quedaba;;V;V;0;ROOT;;0;;
8;sin;;PREP;PREP;9;case;;9;;
9;resolver;;V;V;7;advcl;;7;;
10;una;;ART;ART;11;det;;11;;
11;cuestión;;N;N;7;nsubj;;7;;
12;trascendental;;ADJ;ADJ;11;amod;;11;;
13;.;;PUNCT;PUNCT;7;punct;;7;;
;;;;;;;;;;
1;Sarah;;NPR;NPR;2;nsubj;;2;;
2;vuelve;;V;V;0;ROOT;;0;;
3;a    ;;PREP;PREP;5;case;;5;;
4;el     ;;ART;ART;5;det;;5;;
5;museo;;N;N;2;nmod;;2;;
6;de;;PREP;PREP;7;case;;7;;
7;cera;;N;N;5;nmod;;5;;
8;.;;PUNCT;PUNCT;2;punct;;2;;
;;;;;;;;;;
1;Las;;ART;ART;2;det;;2;;
2;piedras;;N;N;3;nsubj;;3;;
3;hablarán;;V;V;0;ROOT;;0;;
4;en;;PREP;PREP;5;case;;5;;
5;Río;;NPR;NPR;3;nmod;;3;;
6;.;;PUNCT;PUNCT;3;punct;;3;;
;;;;;;;;;;
1;No;;ADV;ADV;3;advmod;??????;3;;
2;se;;P;P;3;mark;;3;;
3;menciona;;V;V;0;ROOT;;0;;
4;si;;C;C;9;c;;7;;
5;en;;PREP;PREP;7;case;;7;;
6;la;;ART;ART;7;det;;7;;
7;investigación;;N;N;9;nmod;;3;;
8;ha;;AUX;AUX;9;aux;;9;;
9;participado;;V;V;3;ccomp;;7;;
10;Pamela_Anderson;;NPR;NPR;9;nsubj;;7;;
11;0;;PUNCT;PUNCT;3;punct;;10;;
12;la;;ART;ART;13;det;;13;;
13;actriz;;N;N;10;appos;;10;;
14;que;;P;P;19;nsubj;;17;;
15;hace;;PREP;PREP;17;case;;17;;
16;unos;;ART;ART;17;det;;17;;
17;días;;N;N;19;nmod;;13;;
18;se;;P;P;19;mark;;19;;
19;quitó;;V;V;13;acl:rel;;17;;
20;los;;ART;ART;21;det;;21;;
21;implantes;;N;N;19;dobj;;19;;
22;de;;PREP;PREP;23;case;;23;;
23;silicona;;N;N;21;nmod;;21;;
24;de;;PREP;PREP;26;case;;26;;
25;sus;;POSS;POSS;26;det;;26;;
26;pechos;;N;N;21;nmod;;21;;
27;.;;PUNCT;PUNCT;3;punct;;3;;
;;;;;;;;;;
1;Italia;;NPR;NPR;2;nsubj;error;2;;
2;pide;;V;V;0;ROOT;;0;;
3;el;;ART;ART;4;det;;4;;
4;fin;;N;N;2;dobj;;2;;
5;de;;PREP;PREP;7;case;;7;;
6;los;;ART;ART;7;det;;7;;
7;ataques;;N;N;4;nmod;;4;;
8;a;;PREP;PREP;9;case;;9;;
9;Yugoslavia;;NPR;NPR;2;iobj;;7;;
10;sin;;PREP;PREP;11;case;;11;;
11;condiciones;;N;N;2;nmod;;2;;
12;previas;;ADJ;ADJ;11;amod;;11;;
13;.;;PUNCT;PUNCT;2;punct;;2;;
;;;;;;;;;;
1;Los;;ART;ART;2;det;;2;copulativa;
2;bombardeos;;N;N;3;nsubj;;3;;
3;alcanzan;;V;V;0;ROOT;;0;;
4;un;;ART;ART;5;det;;5;;
5;hospital;;N;N;3;dobj;;3;;
6;en;;PREP;PREP;7;case;;7;;
7;Belgrado;;NPR;NPR;5;nmod;;5;;
8;y;;C;C;9;c;;3;;
9;dañan;;V;V;3;conj;;3;;
10;las;;ART;ART;11;det;;11;;
11;embajadas;;N;N;9;dobj;;9;;
12;de;;PREP;PREP;13;case;;13;;
13;España;;NPR;NPR;11;nmod;;11;;
14;0;;PUNCT;PUNCT;3;punct;;13;;
15;Suecia;;NPR;NPR;13;appos;;13;;
16;y;;C;C;17;c;;13;;
17;Suiza;;NPR;NPR;15;conj;;13;;
18;.;;PUNCT;PUNCT;3;punct;;3;;
